{
  "steps": [
    1000,
    2000,
    3000,
    4000,
    5000,
    6000,
    7000,
    8000,
    9000,
    10000
  ],
  "train_loss": [
    2.514578342437744,
    1.949549913406372,
    1.796608328819275,
    1.776672124862671,
    1.7477684020996094,
    1.758494257926941,
    1.7504032850265503,
    1.7257572412490845,
    1.767199993133545,
    1.7553870677947998
  ],
  "val_loss": [
    2.502884900569916,
    1.968927153944969,
    1.8125204414129257,
    1.7693877160549163,
    1.752300611138344,
    1.7488593339920044,
    1.7477802604436874,
    1.7472932398319245,
    1.746890413761139,
    1.746694678068161
  ],
  "kl_divergence": [
    2.041090488433838,
    2.5951952934265137,
    3.2581329345703125,
    3.3503918647766113,
    3.657284736633301,
    4.021014213562012,
    4.3312153816223145,
    4.5915069580078125,
    4.841525077819824,
    5.0973405838012695
  ],
  "distance_correlation": [
    0.13417060673236847,
    0.13997243344783783,
    0.06969577819108963,
    0.052266910672187805,
    0.06822014600038528,
    0.0630842074751854,
    0.05993562936782837,
    0.05996100604534149,
    0.06334618479013443,
    0.07020841538906097
  ],
  "neighborhood_overlap": [
    0.35416666666666663,
    0.3125,
    0.3333333333333333,
    0.3333333333333333,
    0.4583333333333333,
    0.4583333333333333,
    0.4583333333333333,
    0.4583333333333333,
    0.4583333333333333,
    0.4583333333333333
  ],
  "R_hat": [
    8.682422518730164,
    9.95797073841095,
    9.872599005699158,
    9.98706829547882,
    10.482420861721039,
    11.472722351551056,
    12.26942241191864,
    12.942436039447784,
    13.596782088279724,
    14.207241177558899
  ],
  "r_hat": [
    8.02455985546112,
    11.075870513916016,
    11.31047534942627,
    10.164101958274841,
    9.717509023845196,
    10.171239409595728,
    10.6114151943475,
    10.93932257220149,
    11.202174425125122,
    11.45359898544848
  ],
  "experiment_tags": "nomlp_noln_global_R3r7",
  "config": {
    "use_mlp": false,
    "use_layernorm": false,
    "markov_type": "global",
    "R": 3.0,
    "r": 7.0
  }
}