{
  "steps": [
    100,
    200,
    300,
    400,
    500,
    600,
    700,
    800,
    900,
    1000
  ],
  "train_loss": [
    4.7463788986206055,
    4.136358261108398,
    3.7144622802734375,
    3.4409327507019043,
    3.2768940925598145,
    3.0092060565948486,
    2.8833374977111816,
    2.8448750972747803,
    2.7308099269866943,
    2.5877130031585693
  ],
  "val_loss": [
    4.624212145805359,
    4.167076313495636,
    3.7921834707260134,
    3.4925614297389984,
    3.2550924479961396,
    3.0682307124137878,
    2.924153965711594,
    2.815824431180954,
    2.7337765097618103,
    2.670180541276932
  ],
  "kl_divergence": [
    1.341629981994629,
    1.3469842672348022,
    1.3528945446014404,
    1.3601293563842773,
    1.3750672340393066,
    1.4011216163635254,
    1.446000576019287,
    1.50423002243042,
    1.566675066947937,
    1.6302430629730225
  ],
  "distance_correlation": [
    -0.0870693102478981,
    -0.06385596841573715,
    -0.01937614195048809,
    0.02832105942070484,
    0.06780759245157242,
    0.09970039874315262,
    0.12361925095319748,
    0.14293067157268524,
    0.16086886823177338,
    0.17759659886360168
  ],
  "neighborhood_overlap": [
    0.16666666666666669,
    0.20833333333333334,
    0.1875,
    0.20833333333333331,
    0.25,
    0.22916666666666669,
    0.25,
    0.25,
    0.31249999999999994,
    0.3958333333333333
  ],
  "R_hat": [
    5.514571487903595,
    5.528590142726898,
    5.630231857299805,
    5.766524687409401,
    5.924425348639488,
    6.273557484149933,
    6.677569031715393,
    7.061345875263214,
    7.447575867176056,
    7.8353641629219055
  ],
  "r_hat": [
    4.5574177503585815,
    4.309038519859314,
    4.0303550362586975,
    3.9166163206100464,
    3.945142149925232,
    4.054628431797028,
    4.189807653427124,
    4.346311092376709,
    4.484696269035339,
    4.6015744805336
  ],
  "experiment_tags": "nomlp_ln_local_R4r3",
  "config": {
    "use_mlp": false,
    "use_layernorm": true,
    "markov_type": "local",
    "R": 4.0,
    "r": 3.0
  }
}