{
  "steps": [
    1000,
    2000,
    3000,
    4000,
    5000,
    6000,
    7000,
    8000,
    9000,
    10000
  ],
  "train_loss": [
    2.1934804916381836,
    1.946618676185608,
    1.777252197265625,
    1.7310261726379395,
    1.723772406578064,
    1.7170367240905762,
    1.7115962505340576,
    1.7016808986663818,
    1.6762434244155884,
    1.6893764734268188
  ],
  "val_loss": [
    2.2301604211330415,
    1.9484170526266098,
    1.786790657043457,
    1.747597447037697,
    1.733695149421692,
    1.7199904561042785,
    1.7049470663070678,
    1.6946564763784409,
    1.6909123718738557,
    1.6894014567136764
  ],
  "kl_divergence": [
    1.3165757656097412,
    1.4281151294708252,
    1.330941915512085,
    1.4130690097808838,
    1.420433521270752,
    1.4207943677902222,
    1.4043360948562622,
    1.360305905342102,
    1.3434864282608032,
    1.330810546875
  ],
  "distance_correlation": [
    0.2991398870944977,
    0.4726879894733429,
    0.3493358790874481,
    0.33734679222106934,
    0.3532352149486542,
    0.3662518560886383,
    0.3850761353969574,
    0.4121071398258209,
    0.42505893111228943,
    0.4276480972766876
  ],
  "neighborhood_overlap": [
    0.43749999999999994,
    0.6875,
    0.8333333333333333,
    0.8541666666666666,
    0.8125,
    0.6458333333333334,
    0.625,
    0.5833333333333333,
    0.5416666666666666,
    0.5416666666666666
  ],
  "R_hat": [
    5.202183485031128,
    6.5748525857925415,
    6.650617241859436,
    6.003294408321381,
    5.665588930249214,
    5.738121867179871,
    6.006941199302673,
    6.222386300563812,
    6.4191107749938965,
    6.481103181838989
  ],
  "r_hat": [
    1.448018342256546,
    3.9665764570236206,
    6.248905658721924,
    6.44674277305603,
    6.7438079714775085,
    6.937728375196457,
    6.518399238586426,
    5.913228362798691,
    5.711762577295303,
    5.551416397094727
  ],
  "experiment_tags": "mlp_noln_local_R5r3",
  "config": {
    "use_mlp": true,
    "use_layernorm": false,
    "markov_type": "local",
    "R": 5.0,
    "r": 3.0
  }
}