{
  "steps": [
    100,
    200,
    300,
    400,
    500,
    600,
    700,
    800,
    900,
    1000
  ],
  "train_loss": [
    4.528339862823486,
    3.634566307067871,
    3.0581796169281006,
    2.7797048091888428,
    2.631849765777588,
    2.5362155437469482,
    2.495267629623413,
    2.3967649936676025,
    2.3082778453826904,
    2.271411180496216
  ],
  "val_loss": [
    4.5367867827415465,
    3.6683797359466555,
    3.0418478310108186,
    2.765422224998474,
    2.635767263174057,
    2.54443479180336,
    2.4648784935474395,
    2.391373312473297,
    2.325351542234421,
    2.2687715768814085
  ],
  "kl_divergence": [
    1.2788383960723877,
    1.288386583328247,
    1.2912919521331787,
    1.2929365634918213,
    1.2985866069793701,
    1.306298017501831,
    1.3153979778289795,
    1.3232533931732178,
    1.326514482498169,
    1.32682204246521
  ],
  "distance_correlation": [
    -0.02101764641702175,
    -0.022969793528318405,
    -0.02372252568602562,
    -0.023287877440452576,
    -0.021461710333824158,
    -0.01867643930017948,
    -0.015815388411283493,
    -0.013773467391729355,
    -0.013460581190884113,
    -0.01493042055517435
  ],
  "neighborhood_overlap": [
    0.14583333333333331,
    0.16666666666666666,
    0.14583333333333331,
    0.14583333333333331,
    0.14583333333333331,
    0.14583333333333331,
    0.16666666666666666,
    0.1875,
    0.1875,
    0.20833333333333334
  ],
  "R_hat": [
    5.370888829231262,
    6.080733835697174,
    6.486664295196533,
    6.697597503662109,
    6.839133262634277,
    6.942116677761078,
    7.022865653038025,
    7.085193574428558,
    7.137553870677948,
    7.178465902805328
  ],
  "r_hat": [
    4.492222160100937,
    4.834010064601898,
    5.047703862190247,
    5.180232226848602,
    5.257737219333649,
    5.297888100147247,
    5.333873420953751,
    5.389250576496124,
    5.486639469861984,
    5.620778322219849
  ],
  "experiment_tags": "mlp_noln_local_R10r8",
  "config": {
    "use_mlp": true,
    "use_layernorm": false,
    "markov_type": "local",
    "R": 10.0,
    "r": 8.0
  }
}