{
  "steps": [
    1000,
    2000,
    3000,
    4000,
    5000,
    6000,
    7000,
    8000,
    9000,
    10000
  ],
  "train_loss": [
    2.64633846282959,
    2.2526979446411133,
    1.8647323846817017,
    1.7515523433685303,
    1.7652260065078735,
    1.7215654850006104,
    1.7676981687545776,
    1.7586091756820679,
    1.7773860692977905,
    1.7557646036148071
  ],
  "val_loss": [
    2.6472233116626738,
    2.242596870660782,
    1.8483684420585633,
    1.7669560879468917,
    1.7592854022979736,
    1.7554564833641053,
    1.753200888633728,
    1.7513976305723191,
    1.7495140612125397,
    1.7475198298692702
  ],
  "kl_divergence": [
    1.295892596244812,
    1.3167239427566528,
    1.355207085609436,
    1.3614915609359741,
    1.362273097038269,
    1.3594779968261719,
    1.3584908246994019,
    1.3580693006515503,
    1.3580443859100342,
    1.3745036125183105
  ],
  "distance_correlation": [
    -0.057887002825737,
    0.1166648343205452,
    0.10278230160474777,
    0.13565531373023987,
    0.14217697083950043,
    0.14498649537563324,
    0.1461276412010193,
    0.14607113599777222,
    0.14408370852470398,
    0.1206585019826889
  ],
  "neighborhood_overlap": [
    0.10416666666666666,
    0.25,
    0.39583333333333337,
    0.43750000000000006,
    0.45833333333333337,
    0.45833333333333337,
    0.45833333333333337,
    0.45833333333333337,
    0.45833333333333337,
    0.45833333333333337
  ],
  "R_hat": [
    4.972102910280228,
    3.827755242586136,
    3.5142259001731873,
    3.5469595193862915,
    3.546373665332794,
    3.51372092962265,
    3.4731197357177734,
    3.424598455429077,
    3.3823466897010803,
    3.3363811373710632
  ],
  "r_hat": [
    4.1402294635772705,
    3.4863481521606445,
    3.884935677051544,
    3.896681070327759,
    3.8844526261091232,
    3.875639844685793,
    3.8779920656234026,
    3.9110887479037046,
    3.9711793176829815,
    4.188931252807379
  ],
  "experiment_tags": "mlp_ln_local_R9r2",
  "config": {
    "use_mlp": true,
    "use_layernorm": true,
    "markov_type": "local",
    "R": 9.0,
    "r": 2.0
  }
}