{
  "steps": [
    100,
    200,
    300,
    400,
    500,
    600,
    700,
    800,
    900,
    1000
  ],
  "train_loss": [
    4.1511712074279785,
    3.8515777587890625,
    3.6884281635284424,
    3.4816014766693115,
    3.2734975814819336,
    3.141780138015747,
    3.0267248153686523,
    2.940882682800293,
    2.8070805072784424,
    2.764355182647705
  ],
  "val_loss": [
    4.19495450258255,
    3.90639106631279,
    3.662632477283478,
    3.4616935729980467,
    3.2980824172496797,
    3.1613973915576934,
    3.0429776906967163,
    2.9372186958789825,
    2.8403630435466765,
    2.7498934090137483
  ],
  "kl_divergence": [
    1.2392432689666748,
    1.2522306442260742,
    1.264404058456421,
    1.2723957300186157,
    1.2750401496887207,
    1.272874355316162,
    1.2694672346115112,
    1.269164800643921,
    1.2716885805130005,
    1.2754762172698975
  ],
  "distance_correlation": [
    0.045866452157497406,
    0.057134345173835754,
    0.08056702464818954,
    0.1143622174859047,
    0.1536974161863327,
    0.18994928896427155,
    0.21848972141742706,
    0.2380554974079132,
    0.2512599229812622,
    0.25827527046203613
  ],
  "neighborhood_overlap": [
    0.3125,
    0.29166666666666663,
    0.31249999999999994,
    0.29166666666666663,
    0.29166666666666663,
    0.375,
    0.3541666666666667,
    0.3541666666666667,
    0.3541666666666667,
    0.375
  ],
  "R_hat": [
    4.169124782085419,
    4.196587234735489,
    4.2786257565021515,
    4.409301474690437,
    4.611248180270195,
    4.873143956065178,
    5.156292721629143,
    5.433893442153931,
    5.692565321922302,
    5.908595070242882
  ],
  "r_hat": [
    2.502369150519371,
    2.4898611754179,
    2.5224910974502563,
    2.5541919469833374,
    2.588898718357086,
    2.6373204439878464,
    2.7031565606594086,
    2.7833578139543533,
    2.88523156195879,
    3.015949357300997
  ],
  "experiment_tags": "nomlp_noln_local_R10r8",
  "config": {
    "use_mlp": false,
    "use_layernorm": false,
    "markov_type": "local",
    "R": 10.0,
    "r": 8.0
  }
}