{
  "steps": [
    100,
    200,
    300,
    400,
    500,
    600,
    700,
    800,
    900,
    1000
  ],
  "train_loss": [
    4.679989814758301,
    3.543804407119751,
    2.8557653427124023,
    2.5726280212402344,
    2.490844488143921,
    2.351351737976074,
    2.301945686340332,
    2.22786808013916,
    2.202548027038574,
    2.120802164077759
  ],
  "val_loss": [
    4.576982641220093,
    3.5384182572364806,
    2.8910160601139068,
    2.6027367293834685,
    2.4635709166526794,
    2.3756397485733034,
    2.3068940103054048,
    2.2484359443187714,
    2.1984532535076142,
    2.1556052684783937
  ],
  "kl_divergence": [
    1.284846544265747,
    1.265364408493042,
    1.254818320274353,
    1.249366044998169,
    1.2487754821777344,
    1.2488914728164673,
    1.2482330799102783,
    1.2457830905914307,
    1.240682601928711,
    1.2322871685028076
  ],
  "distance_correlation": [
    -0.06835773587226868,
    -0.04413532465696335,
    -0.019068483263254166,
    0.0010930331191048026,
    0.014960764907300472,
    0.02733512967824936,
    0.038904864341020584,
    0.050402067601680756,
    0.061625752598047256,
    0.07206456363201141
  ],
  "neighborhood_overlap": [
    0.20833333333333334,
    0.22916666666666669,
    0.25,
    0.29166666666666663,
    0.31249999999999994,
    0.29166666666666663,
    0.29166666666666663,
    0.29166666666666663,
    0.29166666666666663,
    0.31249999999999994
  ],
  "R_hat": [
    5.278443098068237,
    5.368522673845291,
    5.562694311141968,
    5.727501809597015,
    5.888531029224396,
    6.038298189640045,
    6.160324394702911,
    6.2407495975494385,
    6.2720091342926025,
    6.239974498748779
  ],
  "r_hat": [
    3.9708221554756165,
    3.745020180940628,
    3.6439333111047745,
    3.5884614288806915,
    3.6003028452396393,
    3.649098724126816,
    3.7009310722351074,
    3.7429497241973877,
    3.7727051973342896,
    3.780582219362259
  ],
  "experiment_tags": "mlp_noln_local_R9r5",
  "config": {
    "use_mlp": true,
    "use_layernorm": false,
    "markov_type": "local",
    "R": 9.0,
    "r": 5.0
  }
}