{
  "steps": [
    100,
    200,
    300,
    400,
    500,
    600,
    700,
    800,
    900,
    1000
  ],
  "train_loss": [
    4.3956074714660645,
    3.265216588973999,
    2.7621846199035645,
    2.5656697750091553,
    2.505584239959717,
    2.412818431854248,
    2.3666274547576904,
    2.3269312381744385,
    2.321756601333618,
    2.238835573196411
  ],
  "val_loss": [
    4.26810714006424,
    3.286723035573959,
    2.7643655061721804,
    2.586124062538147,
    2.4982035577297212,
    2.436898869276047,
    2.3871331453323363,
    2.3449040174484255,
    2.3072923362255096,
    2.273562216758728
  ],
  "kl_divergence": [
    1.328270673751831,
    1.3005867004394531,
    1.273097276687622,
    1.2587608098983765,
    1.2509595155715942,
    1.2466394901275635,
    1.246544599533081,
    1.2471399307250977,
    1.249224305152893,
    1.2498369216918945
  ],
  "distance_correlation": [
    -0.07769078761339188,
    -0.042339716106653214,
    -0.012259349226951599,
    0.014650537632405758,
    0.03858109191060066,
    0.05400824174284935,
    0.06440907716751099,
    0.07277960330247879,
    0.07948567718267441,
    0.08763514459133148
  ],
  "neighborhood_overlap": [
    0.1875,
    0.16666666666666666,
    0.20833333333333331,
    0.22916666666666666,
    0.25,
    0.25,
    0.25,
    0.25,
    0.25,
    0.25
  ],
  "R_hat": [
    5.612133204936981,
    5.479780286550522,
    5.336507707834244,
    5.294191896915436,
    5.324557900428772,
    5.375118136405945,
    5.4717249274253845,
    5.586544752120972,
    5.700511395931244,
    5.768311023712158
  ],
  "r_hat": [
    4.454053819179535,
    4.067690789699554,
    3.7474350929260254,
    3.5288197696208954,
    3.4110924005508423,
    3.391047179698944,
    3.4094331562519073,
    3.4682272374629974,
    3.534710645675659,
    3.558563232421875
  ],
  "experiment_tags": "mlp_ln_global_R1r7",
  "config": {
    "use_mlp": true,
    "use_layernorm": true,
    "markov_type": "global",
    "R": 1.0,
    "r": 7.0
  }
}