{
  "steps": [
    100,
    200,
    300,
    400,
    500,
    600,
    700,
    800,
    900,
    1000
  ],
  "train_loss": [
    5.672451496124268,
    5.12382698059082,
    4.6208648681640625,
    4.448407173156738,
    4.181704044342041,
    3.8973281383514404,
    3.736785411834717,
    3.7421281337738037,
    3.4685449600219727,
    3.281446933746338
  ],
  "val_loss": [
    5.52156810760498,
    5.138303470611572,
    4.793495237827301,
    4.4947641611099245,
    4.242035126686096,
    4.024684005975724,
    3.831673127412796,
    3.6569381833076475,
    3.4955393016338348,
    3.3418218433856963
  ],
  "kl_divergence": [
    1.2798594236373901,
    1.2575905323028564,
    1.2468336820602417,
    1.2414584159851074,
    1.2433595657348633,
    1.252135157585144,
    1.2728290557861328,
    1.3054566383361816,
    1.351784110069275,
    1.4168787002563477
  ],
  "distance_correlation": [
    -0.0664357841014862,
    -0.035963453352451324,
    -0.0050641815178096294,
    0.02538149245083332,
    0.05308489501476288,
    0.07362300157546997,
    0.08378252387046814,
    0.08519924432039261,
    0.07952175289392471,
    0.06923087686300278
  ],
  "neighborhood_overlap": [
    0.20833333333333334,
    0.22916666666666669,
    0.22916666666666666,
    0.2708333333333333,
    0.2708333333333333,
    0.27083333333333337,
    0.2708333333333333,
    0.3333333333333333,
    0.41666666666666663,
    0.35416666666666663
  ],
  "R_hat": [
    5.222713261842728,
    5.296697378158569,
    5.501317322254181,
    5.623781204223633,
    5.604867607355118,
    5.389786899089813,
    5.081719875335693,
    4.727940261363983,
    4.352177619934082,
    3.988143563270569
  ],
  "r_hat": [
    3.9316675662994385,
    3.630947157740593,
    3.5196093022823334,
    3.542117416858673,
    3.5111143440008163,
    3.48977792263031,
    3.4927841126918793,
    3.4694891571998596,
    3.425192356109619,
    3.3745647072792053
  ],
  "experiment_tags": "nomlp_noln_local_R7r7",
  "config": {
    "use_mlp": false,
    "use_layernorm": false,
    "markov_type": "local",
    "R": 7.0,
    "r": 7.0
  }
}