{
  "steps": [
    100,
    200,
    300,
    400,
    500,
    600,
    700,
    800,
    900,
    1000
  ],
  "train_loss": [
    3.9776647090911865,
    3.1659586429595947,
    2.8744282722473145,
    2.77209734916687,
    2.5965654850006104,
    2.53448748588562,
    2.4975616931915283,
    2.4808754920959473,
    2.4616596698760986,
    2.4172489643096924
  ],
  "val_loss": [
    3.9558087050914765,
    3.181174486875534,
    2.9106562554836275,
    2.7518029749393462,
    2.6407993733882904,
    2.5678731322288515,
    2.5193315863609316,
    2.483954071998596,
    2.4554489135742186,
    2.4304376244544983
  ],
  "kl_divergence": [
    1.2754905223846436,
    1.2734062671661377,
    1.271544337272644,
    1.2689404487609863,
    1.266322374343872,
    1.2638559341430664,
    1.26216721534729,
    1.2604775428771973,
    1.2586214542388916,
    1.2566258907318115
  ],
  "distance_correlation": [
    -0.043581996113061905,
    -0.03693584352731705,
    -0.0328562892973423,
    -0.028485843911767006,
    -0.02255290187895298,
    -0.015058355405926704,
    -0.00672630500048399,
    0.001309883315116167,
    0.00904811080545187,
    0.015147318132221699
  ],
  "neighborhood_overlap": [
    0.10416666666666666,
    0.10416666666666666,
    0.14583333333333331,
    0.1875,
    0.1875,
    0.20833333333333337,
    0.22916666666666666,
    0.24999999999999997,
    0.24999999999999997,
    0.2708333333333333
  ],
  "R_hat": [
    3.8196354508399963,
    3.701629340648651,
    3.52908031642437,
    3.3653337955474854,
    3.248774006962776,
    3.1876074075698853,
    3.172621712088585,
    3.1883991956710815,
    3.209787279367447,
    3.2276653349399567
  ],
  "r_hat": [
    3.9310483932495117,
    3.659486472606659,
    3.423124372959137,
    3.2325387597084045,
    3.0480657815933228,
    2.88310569524765,
    2.7480536699295044,
    2.6329844295978546,
    2.5225382149219513,
    2.4316403716802597
  ],
  "experiment_tags": "mlp_ln_global_R1r1",
  "config": {
    "use_mlp": true,
    "use_layernorm": true,
    "markov_type": "global",
    "R": 1.0,
    "r": 1.0
  }
}