{
  "steps": [
    1000,
    2000,
    3000,
    4000,
    5000,
    6000,
    7000,
    8000,
    9000,
    10000
  ],
  "train_loss": [
    2.5517914295196533,
    2.172208547592163,
    1.8574119806289673,
    1.7719018459320068,
    1.799875259399414,
    1.782466173171997,
    1.7629119157791138,
    1.7586746215820312,
    1.7483841180801392,
    1.7366420030593872
  ],
  "val_loss": [
    2.5526221096515656,
    2.1436643660068513,
    1.8784821689128877,
    1.8179623544216157,
    1.800797164440155,
    1.777552890777588,
    1.763425037264824,
    1.7539846926927567,
    1.7496327191591263,
    1.7477885097265244
  ],
  "kl_divergence": [
    1.388549566268921,
    1.6456677913665771,
    2.0109567642211914,
    2.324490547180176,
    2.3120667934417725,
    2.799121856689453,
    3.8320093154907227,
    4.665904998779297,
    5.082608222961426,
    5.210877418518066
  ],
  "distance_correlation": [
    0.1861346960067749,
    0.35722658038139343,
    0.46287021040916443,
    0.5538831949234009,
    0.570953905582428,
    0.42371881008148193,
    0.26102444529533386,
    0.1990639865398407,
    0.16468317806720734,
    0.13881409168243408
  ],
  "neighborhood_overlap": [
    0.3958333333333333,
    0.39583333333333326,
    0.5416666666666666,
    0.6666666666666666,
    0.625,
    0.4166666666666667,
    0.3541666666666667,
    0.3333333333333333,
    0.375,
    0.3541666666666667
  ],
  "R_hat": [
    9.723185062408447,
    9.055412948131561,
    9.431536614894867,
    10.53680682182312,
    10.508791208267212,
    9.49183976650238,
    10.32610809803009,
    12.984498858451843,
    14.480288863182068,
    15.247686505317688
  ],
  "r_hat": [
    10.620022773742676,
    12.521257758140564,
    11.884027600288391,
    10.949676513671875,
    11.33342707157135,
    16.38443350791931,
    21.333454847335815,
    23.46908950805664,
    24.325435161590576,
    24.373634338378906
  ],
  "experiment_tags": "nomlp_ln_local_R2r3",
  "config": {
    "use_mlp": false,
    "use_layernorm": true,
    "markov_type": "local",
    "R": 2.0,
    "r": 3.0
  }
}