{
  "steps": [
    100,
    200,
    300,
    400,
    500,
    600,
    700,
    800,
    900,
    1000
  ],
  "train_loss": [
    4.402046203613281,
    3.756823778152466,
    3.249267101287842,
    2.9553866386413574,
    2.8180127143859863,
    2.7692131996154785,
    2.7279131412506104,
    2.7117807865142822,
    2.675975799560547,
    2.6497597694396973
  ],
  "val_loss": [
    4.331928622722626,
    3.736499410867691,
    3.262433648109436,
    2.9475489139556883,
    2.8170738875865937,
    2.764720219373703,
    2.7302080035209655,
    2.7023272573947907,
    2.67488916516304,
    2.644006037712097
  ],
  "kl_divergence": [
    1.2247264385223389,
    1.2438561916351318,
    1.2611956596374512,
    1.2750275135040283,
    1.283026933670044,
    1.2859067916870117,
    1.288133978843689,
    1.2905396223068237,
    1.2931573390960693,
    1.2966914176940918
  ],
  "distance_correlation": [
    -0.10453711450099945,
    -0.10144967585802078,
    -0.0986705869436264,
    -0.09242063015699387,
    -0.0882224515080452,
    -0.08530401438474655,
    -0.08129393309354782,
    -0.07554478198289871,
    -0.06765683740377426,
    -0.05711675435304642
  ],
  "neighborhood_overlap": [
    0.12499999999999999,
    0.10416666666666666,
    0.125,
    0.12499999999999999,
    0.12499999999999999,
    0.12499999999999999,
    0.10416666666666666,
    0.10416666666666666,
    0.10416666666666666,
    0.10416666666666666
  ],
  "R_hat": [
    4.5583712458610535,
    5.119948357343674,
    5.334192365407944,
    5.332990527153015,
    5.302295297384262,
    5.229532152414322,
    5.155187755823135,
    5.08547243475914,
    5.020159900188446,
    4.964270353317261
  ],
  "r_hat": [
    3.872862756252289,
    4.356973469257355,
    4.501556813716888,
    4.3757710456848145,
    4.349229216575623,
    4.334173798561096,
    4.300669312477112,
    4.26212215423584,
    4.21132880449295,
    4.143147885799408
  ],
  "experiment_tags": "mlp_ln_local_R10r5",
  "config": {
    "use_mlp": true,
    "use_layernorm": true,
    "markov_type": "local",
    "R": 10.0,
    "r": 5.0
  }
}