{
  "steps": [
    100,
    200,
    300,
    400,
    500,
    600,
    700,
    800,
    900,
    1000
  ],
  "train_loss": [
    4.756193161010742,
    4.358989238739014,
    3.9868581295013428,
    3.722100257873535,
    3.459423303604126,
    3.3112900257110596,
    3.1782352924346924,
    3.0308103561401367,
    2.879711866378784,
    2.79910945892334
  ],
  "val_loss": [
    4.754199290275574,
    4.348861932754517,
    4.015680658817291,
    3.7411573469638824,
    3.512102264165878,
    3.320482188463211,
    3.157023972272873,
    3.0092752158641813,
    2.889200305938721,
    2.8015540540218353
  ],
  "kl_divergence": [
    1.263527750968933,
    1.2870419025421143,
    1.3107538223266602,
    1.3341410160064697,
    1.364773154258728,
    1.4176080226898193,
    1.5036271810531616,
    1.6565220355987549,
    1.8199342489242554,
    1.9346996545791626
  ],
  "distance_correlation": [
    -0.09074414521455765,
    -0.0918971374630928,
    -0.09502492100000381,
    -0.1013118252158165,
    -0.109613336622715,
    -0.11660009622573853,
    -0.11870984733104706,
    -0.1158527359366417,
    -0.11157646775245667,
    -0.10897891223430634
  ],
  "neighborhood_overlap": [
    0.14583333333333331,
    0.14583333333333331,
    0.14583333333333331,
    0.16666666666666666,
    0.14583333333333331,
    0.16666666666666666,
    0.14583333333333331,
    0.14583333333333331,
    0.14583333333333331,
    0.14583333333333331
  ],
  "R_hat": [
    3.4266340136528015,
    3.508139193058014,
    3.723262906074524,
    4.238254606723785,
    5.108827531337738,
    6.210154414176941,
    7.4416221380233765,
    8.824182748794556,
    10.079564571380615,
    11.04248571395874
  ],
  "r_hat": [
    6.932945489883423,
    7.195100784301758,
    7.284453392028809,
    7.189841270446777,
    7.056179642677307,
    7.012833476066589,
    7.017185091972351,
    6.964743971824646,
    6.807864665985107,
    6.4680012464523315
  ],
  "experiment_tags": "nomlp_ln_global_R2r1",
  "config": {
    "use_mlp": false,
    "use_layernorm": true,
    "markov_type": "global",
    "R": 2.0,
    "r": 1.0
  }
}