{
  "steps": [
    1,
    500,
    1000,
    1500,
    2000,
    2500,
    3000,
    3500,
    4000,
    4500,
    5000,
    5500,
    6000,
    6500,
    7000,
    7500,
    8000,
    8500,
    9000,
    9500,
    10000,
    10500,
    11000,
    11500,
    12000,
    12500,
    13000,
    13500,
    14000,
    14500,
    15000,
    15500,
    16000,
    16500,
    17000,
    17500,
    18000,
    18500,
    19000,
    19500,
    20000
  ],
  "train_loss": [
    2.765511989593506,
    2.5665063858032227,
    2.5179643630981445,
    2.50519061088562,
    2.5077359676361084,
    2.508544921875,
    2.517256259918213,
    2.4980032444000244,
    2.505439281463623,
    2.501401424407959,
    2.506221055984497,
    2.5121841430664062,
    2.4982430934906006,
    2.512389898300171,
    2.5115251541137695,
    2.4958012104034424,
    2.513396739959717,
    2.4895927906036377,
    2.5088093280792236,
    2.4977753162384033,
    2.5192549228668213,
    2.5049922466278076,
    2.5070486068725586,
    2.5039849281311035,
    2.5150320529937744,
    2.505378007888794,
    2.5119147300720215,
    2.5116569995880127,
    2.5076653957366943,
    2.509782314300537,
    2.504591226577759,
    2.4938557147979736,
    2.4947001934051514,
    2.4937498569488525,
    2.496779203414917,
    2.497763156890869,
    2.4945297241210938,
    2.4907476902008057,
    2.5130422115325928,
    2.4940295219421387,
    2.497032642364502
  ],
  "val_loss": [
    2.7699711203575133,
    2.5797707200050355,
    2.5189215421676634,
    2.512226790189743,
    2.510904151201248,
    2.5101141750812532,
    2.509295815229416,
    2.508629244565964,
    2.5081625282764435,
    2.5078610301017763,
    2.507592350244522,
    2.5074424386024474,
    2.5073953568935394,
    2.507202535867691,
    2.5071276009082792,
    2.5070158779621123,
    2.507043343782425,
    2.5070550739765167,
    2.5069180548191072,
    2.506943416595459,
    2.5070528984069824,
    2.50706142783165,
    2.5070404171943665,
    2.5070157408714295,
    2.5070330083370207,
    2.506955748796463,
    2.507078695297241,
    2.506957697868347,
    2.506897324323654,
    2.5069090127944946,
    2.5069175601005553,
    2.507013809680939,
    2.5070237040519716,
    2.506990647315979,
    2.506947320699692,
    2.5069635927677156,
    2.5069248139858247,
    2.507028603553772,
    2.5068972229957582,
    2.506907898187637,
    2.507014787197113
  ],
  "kl_divergence": [
    0.8207650780677795,
    3.086966037750244,
    5.058253765106201,
    6.202715873718262,
    7.126018047332764,
    8.09994888305664,
    9.311877250671387,
    10.289239883422852,
    11.054015159606934,
    11.543712615966797,
    11.818954467773438,
    12.087406158447266,
    12.330162048339844,
    12.50312614440918,
    12.653584480285645,
    12.810197830200195,
    12.910069465637207,
    13.002952575683594,
    13.057198524475098,
    13.09319019317627,
    13.119661331176758,
    13.144458770751953,
    13.175117492675781,
    13.203389167785645,
    13.199828147888184,
    13.214744567871094,
    13.247343063354492,
    13.257085800170898,
    13.275419235229492,
    13.287369728088379,
    13.307268142700195,
    13.319332122802734,
    13.31071662902832,
    13.328879356384277,
    13.3342924118042,
    13.365083694458008,
    13.36535358428955,
    13.380176544189453,
    13.382736206054688,
    13.393119812011719,
    13.391990661621094
  ],
  "distance_correlation": [
    -0.0489901527762413,
    -0.2433570772409439,
    -0.350320965051651,
    -0.38124316930770874,
    -0.38603147864341736,
    -0.38459232449531555,
    -0.3803763687610626,
    -0.3745734989643097,
    -0.36855262517929077,
    -0.36381974816322327,
    -0.3601413071155548,
    -0.3573712706565857,
    -0.3553284704685211,
    -0.3535239100456238,
    -0.352150559425354,
    -0.3514029383659363,
    -0.34994348883628845,
    -0.34901565313339233,
    -0.34753674268722534,
    -0.34760424494743347,
    -0.34712597727775574,
    -0.34638357162475586,
    -0.3456403613090515,
    -0.3452513515949249,
    -0.3452318608760834,
    -0.344713032245636,
    -0.34474748373031616,
    -0.3436090350151062,
    -0.34381046891212463,
    -0.3432093858718872,
    -0.3434179127216339,
    -0.34353315830230713,
    -0.34297823905944824,
    -0.3426980972290039,
    -0.3428814113140106,
    -0.3424837589263916,
    -0.3422474265098572,
    -0.3415536880493164,
    -0.34201276302337646,
    -0.3418695032596588,
    -0.34150633215904236
  ],
  "neighborhood_overlap": [
    0.25,
    0.25,
    0.16666666666666666,
    0.16666666666666666,
    0.16666666666666666,
    0.16666666666666666,
    0.16666666666666666,
    0.16666666666666666,
    0.16666666666666666,
    0.16666666666666666,
    0.16666666666666666,
    0.16666666666666666,
    0.16666666666666666,
    0.16666666666666666,
    0.16666666666666666,
    0.16666666666666666,
    0.16666666666666666,
    0.16666666666666666,
    0.16666666666666666,
    0.16666666666666666,
    0.16666666666666666,
    0.16666666666666666,
    0.16666666666666666,
    0.16666666666666666,
    0.16666666666666666,
    0.16666666666666666,
    0.16666666666666666,
    0.16666666666666666,
    0.16666666666666666,
    0.16666666666666666,
    0.16666666666666666,
    0.16666666666666666,
    0.16666666666666666,
    0.16666666666666666,
    0.16666666666666666,
    0.16666666666666666,
    0.16666666666666666,
    0.16666666666666666,
    0.16666666666666666,
    0.16666666666666666,
    0.16666666666666666
  ],
  "R_hat": [
    4.584702253341675,
    9.92496919631958,
    10.826022148132324,
    11.376668214797974,
    11.407999515533447,
    10.996877431869507,
    10.761994361877441,
    10.47382640838623,
    10.578325986862183,
    10.766895055770874,
    10.881105422973633,
    11.334952116012573,
    11.633461475372314,
    11.777563571929932,
    12.141450881958008,
    12.37831997871399,
    12.727638244628906,
    12.96108865737915,
    13.093087911605835,
    13.330474376678467,
    13.502018690109253,
    13.675522089004517,
    13.976924657821655,
    14.073718786239624,
    14.426584005355835,
    14.360140085220337,
    14.55592131614685,
    14.599889516830444,
    14.80221676826477,
    14.786869764328003,
    15.121578693389893,
    15.292853355407715,
    15.37009882926941,
    15.506844282150269,
    15.630983591079712,
    15.636861324310303,
    15.875519275665283,
    15.697126388549805,
    15.858991861343384,
    16.009037733078003,
    15.879787921905518
  ],
  "r_hat": [
    4.09963059425354,
    12.795246362686157,
    17.573163986206055,
    16.891817092895508,
    16.890313386917114,
    17.70894145965576,
    18.728008270263672,
    20.193501472473145,
    21.553870677947998,
    22.910915851593018,
    24.33195209503174,
    25.571532249450684,
    26.745245933532715,
    27.76166582107544,
    28.682658195495605,
    29.62962293624878,
    30.493785858154297,
    31.331283569335938,
    32.040424823760986,
    32.64715576171875,
    33.28594779968262,
    33.84728527069092,
    34.40176868438721,
    34.97276306152344,
    35.35914421081543,
    35.94551086425781,
    36.54039192199707,
    36.79519081115723,
    37.18565082550049,
    37.59986400604248,
    37.90559482574463,
    38.33058547973633,
    38.57490062713623,
    38.7872838973999,
    39.11539173126221,
    39.56494140625,
    39.63445281982422,
    39.92789173126221,
    40.224599838256836,
    40.541911125183105,
    40.90501594543457
  ]
}