{
  "steps": [
    1,
    500,
    1000,
    1500,
    2000,
    2500,
    3000,
    3500,
    4000,
    4500,
    5000,
    5500,
    6000,
    6500,
    7000,
    7500,
    8000,
    8500,
    9000,
    9500,
    10000,
    10500,
    11000,
    11500,
    12000,
    12500,
    13000,
    13500,
    14000,
    14500,
    15000,
    15500,
    16000,
    16500,
    17000,
    17500,
    18000,
    18500,
    19000,
    19500,
    20000
  ],
  "train_loss": [
    3.32820725440979,
    2.78378963470459,
    2.767086982727051,
    2.7587339878082275,
    2.7573893070220947,
    2.75722599029541,
    2.745854139328003,
    2.747246265411377,
    2.7416021823883057,
    2.7402806282043457,
    2.729637622833252,
    2.728057861328125,
    2.733814001083374,
    2.736112356185913,
    2.7319517135620117,
    2.728914737701416,
    2.7327682971954346,
    2.732440710067749,
    2.7397196292877197,
    2.7312886714935303,
    2.728912115097046,
    2.7282145023345947,
    2.7372968196868896,
    2.734694004058838,
    2.733999729156494,
    2.7255430221557617,
    2.734358310699463,
    2.730611562728882,
    2.7231638431549072,
    2.733764171600342,
    2.7261626720428467,
    2.7316548824310303,
    2.728533983230591,
    2.7346060276031494,
    2.7296407222747803,
    2.7362020015716553,
    2.730231761932373,
    2.728675127029419,
    2.731109619140625,
    2.725461721420288,
    2.7240524291992188
  ],
  "val_loss": [
    3.349262183904648,
    2.7807341396808622,
    2.76883265376091,
    2.762566274404526,
    2.7575282573699953,
    2.7541455030441284,
    2.7513596951961516,
    2.747981292009354,
    2.7424990475177764,
    2.736421173810959,
    2.733252817392349,
    2.7322872042655946,
    2.731884115934372,
    2.7317527711391447,
    2.7317715346813203,
    2.7317785143852236,
    2.7317714631557464,
    2.7317318439483644,
    2.7317924320697786,
    2.7317542016506193,
    2.731713616847992,
    2.731699305772781,
    2.7317296385765077,
    2.7317389607429505,
    2.731761234998703,
    2.731750285625458,
    2.73172612786293,
    2.7318532466888428,
    2.7317101299762725,
    2.7317281901836394,
    2.731697231531143,
    2.7316946506500246,
    2.7317605197429655,
    2.731709158420563,
    2.7317753612995146,
    2.7317089200019837,
    2.7317263960838316,
    2.7318126559257507,
    2.731686478853226,
    2.7317514955997466,
    2.7316933393478395
  ],
  "kl_divergence": [
    0.7565369606018066,
    0.736083984375,
    0.7396523356437683,
    0.7480447888374329,
    0.7579814791679382,
    0.7678782343864441,
    0.780958890914917,
    0.8059999942779541,
    0.8493384718894958,
    0.8916817903518677,
    0.9104627370834351,
    0.9164830446243286,
    0.9172323346138,
    0.9166934490203857,
    0.9159937500953674,
    0.9148368239402771,
    0.91445392370224,
    0.9142515659332275,
    0.9136791229248047,
    0.9131038784980774,
    0.9125694036483765,
    0.912272036075592,
    0.9119592308998108,
    0.9112780690193176,
    0.9107260704040527,
    0.9103816151618958,
    0.9094415307044983,
    0.90874183177948,
    0.9085917472839355,
    0.9076600074768066,
    0.9070947170257568,
    0.9064267873764038,
    0.9058552384376526,
    0.9054110646247864,
    0.905220627784729,
    0.9043116569519043,
    0.9041482210159302,
    0.9038593173027039,
    0.902896523475647,
    0.9021970629692078,
    0.9021852016448975
  ],
  "distance_correlation": [
    -0.0033456527162343264,
    -0.012806862592697144,
    -0.008134287782013416,
    0.004534564912319183,
    0.015618409961462021,
    0.01900608092546463,
    0.007050440646708012,
    -0.04061977192759514,
    -0.14592264592647552,
    -0.2474636733531952,
    -0.30020591616630554,
    -0.31496381759643555,
    -0.3181077539920807,
    -0.3182573914527893,
    -0.31804773211479187,
    -0.3179488182067871,
    -0.3181380033493042,
    -0.31799769401550293,
    -0.31768256425857544,
    -0.3177245855331421,
    -0.31757688522338867,
    -0.31717348098754883,
    -0.3174203634262085,
    -0.31720325350761414,
    -0.3176006078720093,
    -0.3177315592765808,
    -0.31720811128616333,
    -0.3170951008796692,
    -0.3179371654987335,
    -0.3176182806491852,
    -0.31744495034217834,
    -0.3176940679550171,
    -0.31704995036125183,
    -0.31751152873039246,
    -0.3171396553516388,
    -0.3175070881843567,
    -0.3171694278717041,
    -0.317302405834198,
    -0.3171576261520386,
    -0.31730619072914124,
    -0.3175654411315918
  ],
  "neighborhood_overlap": [
    0.20833333333333331,
    0.2708333333333333,
    0.2708333333333333,
    0.25,
    0.25,
    0.25,
    0.2708333333333333,
    0.3333333333333333,
    0.3125,
    0.2708333333333333,
    0.22916666666666666,
    0.22916666666666666,
    0.25,
    0.25,
    0.25,
    0.25,
    0.25,
    0.25,
    0.25,
    0.25,
    0.25,
    0.25,
    0.25,
    0.25,
    0.25,
    0.25,
    0.25,
    0.25,
    0.25,
    0.25,
    0.25,
    0.25,
    0.25,
    0.25,
    0.25,
    0.25,
    0.25,
    0.25,
    0.25,
    0.25,
    0.25
  ],
  "R_hat": [
    6.460854172706604,
    5.22507256269455,
    4.709524631500244,
    4.515192687511444,
    4.354572176933289,
    4.214508593082428,
    4.076932907104492,
    3.8847822844982147,
    4.201355546712875,
    5.2222095131874084,
    6.092105388641357,
    6.5636067390441895,
    6.765710711479187,
    6.867703914642334,
    6.880218267440796,
    6.912316679954529,
    6.898041605949402,
    6.929217457771301,
    6.901436924934387,
    6.906406879425049,
    6.909823417663574,
    6.878007411956787,
    6.884774565696716,
    6.881812930107117,
    6.881775617599487,
    6.889783143997192,
    6.893177032470703,
    6.8671427965164185,
    6.874189138412476,
    6.862789988517761,
    6.869416832923889,
    6.842233300209045,
    6.832476258277893,
    6.838221311569214,
    6.847413778305054,
    6.82791543006897,
    6.832788467407227,
    6.836438179016113,
    6.820809483528137,
    6.807380795478821,
    6.801491379737854
  ],
  "r_hat": [
    4.847788035869598,
    3.8255893290042877,
    3.477951966226101,
    3.438315488398075,
    3.4435354322195053,
    3.3646570295095444,
    3.069046437740326,
    2.5512529611587524,
    2.0662862360477448,
    1.8920421302318573,
    2.0314493775367737,
    2.2066652476787567,
    2.335023194551468,
    2.3802659809589386,
    2.4058839082717896,
    2.3857898712158203,
    2.4103904366493225,
    2.4023161828517914,
    2.390111416578293,
    2.3760617673397064,
    2.3641736805438995,
    2.376316338777542,
    2.3722278773784637,
    2.3522497415542603,
    2.3593350648880005,
    2.352560371160507,
    2.3339760303497314,
    2.329220563173294,
    2.326771765947342,
    2.309140205383301,
    2.3007075786590576,
    2.297200232744217,
    2.288411855697632,
    2.2932421267032623,
    2.289915978908539,
    2.2914517521858215,
    2.272263318300247,
    2.245190054178238,
    2.2454670071601868,
    2.2461361289024353,
    2.2464014291763306
  ]
}