{
  "steps": [
    1,
    500,
    1000,
    1500,
    2000,
    2500,
    3000,
    3500,
    4000,
    4500,
    5000,
    5500,
    6000,
    6500,
    7000,
    7500,
    8000,
    8500,
    9000,
    9500,
    10000
  ],
  "train_loss": [
    4.743107318878174,
    3.5703494548797607,
    3.013064384460449,
    2.836245059967041,
    2.7816309928894043,
    2.763002634048462,
    2.7376983165740967,
    2.7285923957824707,
    2.7264273166656494,
    2.7142221927642822,
    2.6841959953308105,
    2.6591155529022217,
    2.6180787086486816,
    2.615386962890625,
    2.577254295349121,
    2.553413152694702,
    2.5421266555786133,
    2.5462896823883057,
    2.5433766841888428,
    2.517868995666504,
    2.518228769302368
  ],
  "val_loss": [
    4.7336160898208615,
    3.566703790426254,
    3.000798738002777,
    2.837587136030197,
    2.782264971733093,
    2.7575369358062742,
    2.741894781589508,
    2.7332476019859313,
    2.7255391001701357,
    2.7107790768146516,
    2.692004507780075,
    2.662115740776062,
    2.631328749656677,
    2.608499473333359,
    2.5789306700229644,
    2.5568148374557493,
    2.5426350116729735,
    2.5344981133937834,
    2.529777556657791,
    2.5260451972484588,
    2.5226018488407136
  ],
  "kl_divergence": [
    0.6985968351364136,
    0.7520288825035095,
    1.3434569835662842,
    1.9616518020629883,
    2.4392709732055664,
    2.8795363903045654,
    3.205843448638916,
    3.49369478225708,
    3.693598985671997,
    3.7883968353271484,
    4.123612403869629,
    4.365163326263428,
    4.727582931518555,
    5.075654029846191,
    5.653069019317627,
    6.096978664398193,
    6.4605889320373535,
    7.1561055183410645,
    7.9791340827941895,
    8.779108047485352,
    9.694318771362305
  ],
  "distance_correlation": [
    -0.07209081947803497,
    -0.07322489470243454,
    -0.0595494881272316,
    -0.03683687746524811,
    -0.02691510319709778,
    -0.025230705738067627,
    -0.024664923548698425,
    -0.03294402360916138,
    -0.0485437847673893,
    -0.06268718093633652,
    -0.06815847754478455,
    -0.07168179750442505,
    -0.0798702985048294,
    -0.1015467494726181,
    -0.11221648752689362,
    -0.09725578874349594,
    -0.07124175876379013,
    -0.05624958127737045,
    -0.04686807841062546,
    -0.0401751734316349,
    -0.035067833960056305
  ],
  "neighborhood_overlap": [
    0.29166666666666663,
    0.25,
    0.16666666666666666,
    0.20833333333333331,
    0.22916666666666666,
    0.22916666666666666,
    0.22916666666666666,
    0.20833333333333331,
    0.16666666666666666,
    0.10416666666666666,
    0.125,
    0.16666666666666666,
    0.16666666666666666,
    0.20833333333333331,
    0.14583333333333331,
    0.10416666666666666,
    0.125,
    0.14583333333333331,
    0.1875,
    0.1875,
    0.1875
  ],
  "R_hat": [
    5.457158803939819,
    6.968829154968262,
    9.9979887008667,
    10.142054319381714,
    9.952505350112915,
    9.497243404388428,
    7.926134943962097,
    7.0057783126831055,
    6.266270101070404,
    6.094496965408325,
    6.107378304004669,
    6.854785442352295,
    8.219512224197388,
    8.572709441184998,
    8.508761286735535,
    8.918098092079163,
    9.455288052558899,
    10.243510842323303,
    11.331391334533691,
    12.500882506370544,
    13.59191381931305
  ],
  "r_hat": [
    6.4792561531066895,
    6.3522607162594795,
    7.6506229639053345,
    6.880878388881683,
    6.72648024559021,
    6.84769344329834,
    6.468736469745636,
    7.3101518750190735,
    9.499462366104126,
    12.425312519073486,
    15.002408027648926,
    16.47162628173828,
    17.462759733200073,
    19.69824457168579,
    23.08633327484131,
    24.874279499053955,
    25.332001209259033,
    25.93608045578003,
    26.592809200286865,
    27.221471786499023,
    27.92600107192993
  ]
}