{
  "steps": [
    1,
    500,
    1000,
    1500,
    2000,
    2500,
    3000,
    3500,
    4000,
    4500,
    5000,
    5500,
    6000,
    6500,
    7000,
    7500,
    8000,
    8500,
    9000,
    9500,
    10000,
    10500,
    11000,
    11500,
    12000,
    12500,
    13000,
    13500,
    14000,
    14500,
    15000,
    15500,
    16000,
    16500,
    17000,
    17500,
    18000,
    18500,
    19000,
    19500,
    20000
  ],
  "train_loss": [
    2.8001816272735596,
    2.7678720951080322,
    2.75628662109375,
    2.7457926273345947,
    2.740312099456787,
    2.7442336082458496,
    2.7395126819610596,
    2.7438406944274902,
    2.7531092166900635,
    2.741804599761963,
    2.744263172149658,
    2.7359838485717773,
    2.7465896606445312,
    2.73150897026062,
    2.7389400005340576,
    2.7390310764312744,
    2.736219882965088,
    2.737884044647217,
    2.739575147628784,
    2.7361581325531006,
    2.736877679824829,
    2.736584186553955,
    2.727468967437744,
    2.7337570190429688,
    2.730581045150757,
    2.7366907596588135,
    2.7358546257019043,
    2.7385122776031494,
    2.72622013092041,
    2.733125925064087,
    2.7363133430480957,
    2.7273244857788086,
    2.7326669692993164,
    2.7336246967315674,
    2.735020399093628,
    2.732193946838379,
    2.7316527366638184,
    2.740875720977783,
    2.7304749488830566,
    2.7376577854156494,
    2.7366857528686523
  ],
  "val_loss": [
    2.7955624878406526,
    2.7676755785942078,
    2.757074165344238,
    2.7482124865055084,
    2.745428282022476,
    2.744012492895126,
    2.743115156888962,
    2.7422644019126894,
    2.74146882891655,
    2.7406443476676943,
    2.7400301337242126,
    2.739569920301437,
    2.7391773998737334,
    2.738732022047043,
    2.738331526517868,
    2.7380388975143433,
    2.7377417623996734,
    2.7375555515289305,
    2.737381225824356,
    2.7373457670211794,
    2.73725403547287,
    2.737242025136948,
    2.7372263193130495,
    2.737170749902725,
    2.7371697783470155,
    2.7371899783611298,
    2.7372048616409304,
    2.737159860134125,
    2.7372017085552214,
    2.737229961156845,
    2.7371921062469484,
    2.7372175633907316,
    2.7371666193008424,
    2.7372101664543154,
    2.7371772706508635,
    2.7371885180473328,
    2.7371376752853394,
    2.737160104513168,
    2.7371328294277193,
    2.737127202749252,
    2.737103283405304
  ],
  "kl_divergence": [
    0.23261453211307526,
    0.26995816826820374,
    0.5967048406600952,
    1.1310467720031738,
    1.4993938207626343,
    1.7615997791290283,
    1.9383482933044434,
    2.1067862510681152,
    2.3242862224578857,
    2.5975661277770996,
    2.8614630699157715,
    3.0874898433685303,
    3.2606453895568848,
    3.456101894378662,
    3.647228479385376,
    3.810267448425293,
    4.0331573486328125,
    4.218070030212402,
    4.396496295928955,
    4.517058849334717,
    4.673166275024414,
    4.789273262023926,
    4.960888862609863,
    5.109379768371582,
    5.239363670349121,
    5.391077995300293,
    5.495680332183838,
    5.616195201873779,
    5.769645690917969,
    5.876858711242676,
    5.993265628814697,
    6.117366790771484,
    6.239232063293457,
    6.414876937866211,
    6.541464805603027,
    6.7109527587890625,
    6.89447021484375,
    7.058453559875488,
    7.225871562957764,
    7.399290561676025,
    7.568877696990967
  ],
  "distance_correlation": [
    -0.07890624552965164,
    -0.079771488904953,
    -0.10806340724229813,
    -0.14763569831848145,
    -0.1573355346918106,
    -0.16002361476421356,
    -0.1576182246208191,
    -0.1502084881067276,
    -0.13873901963233948,
    -0.1258004605770111,
    -0.12054136395454407,
    -0.1257602870464325,
    -0.1367797553539276,
    -0.1532803326845169,
    -0.17213530838489532,
    -0.18812552094459534,
    -0.20210695266723633,
    -0.21003827452659607,
    -0.21362844109535217,
    -0.21402065455913544,
    -0.21293140947818756,
    -0.2099846452474594,
    -0.20696453750133514,
    -0.20321273803710938,
    -0.2018091380596161,
    -0.19960570335388184,
    -0.19829495251178741,
    -0.19794070720672607,
    -0.19804786145687103,
    -0.19825896620750427,
    -0.1981346160173416,
    -0.20012789964675903,
    -0.20187169313430786,
    -0.20362037420272827,
    -0.20576423406600952,
    -0.20813222229480743,
    -0.210540771484375,
    -0.2121531069278717,
    -0.21499450504779816,
    -0.21688519418239594,
    -0.21766844391822815
  ],
  "neighborhood_overlap": [
    0.2708333333333333,
    0.22916666666666666,
    0.20833333333333331,
    0.16666666666666666,
    0.14583333333333331,
    0.14583333333333331,
    0.16666666666666666,
    0.20833333333333331,
    0.22916666666666666,
    0.29166666666666663,
    0.2708333333333333,
    0.25,
    0.22916666666666666,
    0.20833333333333331,
    0.1875,
    0.1875,
    0.16666666666666666,
    0.16666666666666666,
    0.16666666666666666,
    0.1875,
    0.1875,
    0.14583333333333331,
    0.14583333333333331,
    0.14583333333333331,
    0.125,
    0.125,
    0.125,
    0.125,
    0.125,
    0.125,
    0.125,
    0.14583333333333331,
    0.16666666666666666,
    0.14583333333333331,
    0.14583333333333331,
    0.14583333333333331,
    0.14583333333333331,
    0.14583333333333331,
    0.14583333333333331,
    0.14583333333333331,
    0.14583333333333331
  ],
  "R_hat": [
    5.451887845993042,
    4.321136653423309,
    4.967047989368439,
    6.369396686553955,
    7.426676630973816,
    8.369876861572266,
    9.013048887252808,
    9.581135272979736,
    9.978315353393555,
    10.295091986656189,
    10.588495820760727,
    11.036039531230927,
    11.30011659860611,
    11.496843338012695,
    11.504019320011139,
    11.425063788890839,
    11.40256655216217,
    11.35574734210968,
    11.376927614212036,
    11.419233560562134,
    11.409960985183716,
    11.368957221508026,
    11.294357001781464,
    11.238165259361267,
    11.134446501731873,
    11.001659452915192,
    10.875159204006195,
    10.731410413980484,
    10.617263913154602,
    10.515747129917145,
    10.366952508687973,
    10.227925196290016,
    10.252949625253677,
    10.141126900911331,
    10.148236393928528,
    10.257909685373306,
    10.40975496172905,
    10.53447037935257,
    10.66456401348114,
    10.71486160159111,
    11.033739864826202
  ],
  "r_hat": [
    6.478295207023621,
    4.7309465408325195,
    5.68705815076828,
    8.530604481697083,
    10.392009735107422,
    11.970979690551758,
    13.37340259552002,
    15.05051589012146,
    16.896167993545532,
    18.77903985977173,
    20.395050048828125,
    21.553378105163574,
    22.32460880279541,
    23.01816987991333,
    23.479759216308594,
    23.779290199279785,
    24.082825183868408,
    24.2591290473938,
    24.468695163726807,
    24.615299224853516,
    24.64834451675415,
    24.741475582122803,
    24.843019485473633,
    25.01780366897583,
    25.031188488006592,
    25.13283109664917,
    25.236313819885254,
    25.363824367523193,
    25.510952472686768,
    25.613298892974854,
    25.891071796417236,
    25.889505863189697,
    26.15737009048462,
    26.50202512741089,
    26.669715404510498,
    27.170502185821533,
    27.702319622039795,
    28.214489459991455,
    28.69808006286621,
    29.22969102859497,
    30.019026279449463
  ]
}