{
  "steps": [
    1,
    500,
    1000,
    1500,
    2000,
    2500,
    3000,
    3500,
    4000,
    4500,
    5000,
    5500,
    6000,
    6500,
    7000,
    7500,
    8000,
    8500,
    9000,
    9500,
    10000
  ],
  "train_loss": [
    4.973696708679199,
    3.5624873638153076,
    2.7647206783294678,
    2.415233850479126,
    2.2389612197875977,
    2.1170904636383057,
    2.0149502754211426,
    1.9666945934295654,
    1.9678339958190918,
    1.9248639345169067,
    1.8726667165756226,
    1.9062405824661255,
    1.9373029470443726,
    1.9315311908721924,
    1.8590357303619385,
    1.9193004369735718,
    1.8768212795257568,
    1.939733624458313,
    1.830098271369934,
    1.9105535745620728,
    1.907884120941162
  ],
  "val_loss": [
    4.959194910526276,
    3.5693863809108732,
    2.756665050983429,
    2.4315330743789674,
    2.240864837169647,
    2.1160123705863954,
    2.0304866552352907,
    1.9761271119117736,
    1.9458009451627731,
    1.9286042124032974,
    1.9177431553602218,
    1.9108773231506349,
    1.9061197906732559,
    1.902587428689003,
    1.900018584728241,
    1.898293325304985,
    1.8969633817672729,
    1.8958468824625014,
    1.8948998510837556,
    1.8940513998270034,
    1.8931631177663804
  ],
  "kl_divergence": [
    1.2203171253204346,
    1.275351643562317,
    1.7881481647491455,
    1.9711798429489136,
    2.0430045127868652,
    2.2759904861450195,
    2.684589385986328,
    3.2259583473205566,
    3.510101318359375,
    3.6158437728881836,
    3.738713264465332,
    3.901442050933838,
    4.049294471740723,
    4.253385066986084,
    4.475368499755859,
    4.695877552032471,
    4.937097549438477,
    5.22133731842041,
    5.541441440582275,
    5.9162139892578125,
    6.201866626739502
  ],
  "distance_correlation": [
    -0.07226835936307907,
    -0.07697877287864685,
    0.001816056203097105,
    0.022596916183829308,
    0.06325218826532364,
    0.11837412416934967,
    0.14814788103103638,
    0.16840136051177979,
    0.17833887040615082,
    0.16951370239257812,
    0.14639118313789368,
    0.12403667718172073,
    0.10861901193857193,
    0.09730866551399231,
    0.09206359833478928,
    0.08753097802400589,
    0.08517540246248245,
    0.0832558199763298,
    0.07820276916027069,
    0.06907536089420319,
    0.05880158394575119
  ],
  "neighborhood_overlap": [
    0.29166666666666663,
    0.2708333333333333,
    0.375,
    0.4375,
    0.47916666666666663,
    0.6666666666666666,
    0.8541666666666666,
    0.8958333333333334,
    0.9375,
    0.9375,
    0.9166666666666666,
    0.875,
    0.8125,
    0.7916666666666666,
    0.7083333333333333,
    0.625,
    0.5625,
    0.5208333333333333,
    0.5,
    0.5,
    0.47916666666666663
  ],
  "R_hat": [
    5.455846905708313,
    6.35234010219574,
    9.08672159910202,
    11.394307136535645,
    13.058421730995178,
    16.734367609024048,
    20.68750286102295,
    24.043518781661987,
    26.777567863464355,
    28.97019100189209,
    30.82783603668213,
    32.22635746002197,
    33.21106719970703,
    34.076040744781494,
    34.81288146972656,
    35.57991313934326,
    36.00601577758789,
    36.041175842285156,
    35.963820457458496,
    35.93365240097046,
    35.50903844833374
  ],
  "r_hat": [
    6.482018977403641,
    6.359624654054642,
    8.227557927370071,
    8.50552424788475,
    7.469968229532242,
    6.506231367588043,
    5.3985865116119385,
    4.20000422000885,
    3.1781396865844727,
    2.9067493453621864,
    3.838360995054245,
    4.821134328842163,
    5.816782116889954,
    6.968535661697388,
    8.110888600349426,
    9.20944631099701,
    10.190036296844482,
    11.259258031845093,
    12.463684797286987,
    13.860651016235352,
    15.076232433319092
  ]
}