{
  "steps": [
    1,
    500,
    1000,
    1500,
    2000,
    2500,
    3000,
    3500,
    4000,
    4500,
    5000,
    5500,
    6000,
    6500,
    7000,
    7500,
    8000,
    8500,
    9000,
    9500,
    10000,
    10500,
    11000,
    11500,
    12000,
    12500,
    13000,
    13500,
    14000,
    14500,
    15000,
    15500,
    16000,
    16500,
    17000,
    17500,
    18000,
    18500,
    19000,
    19500,
    20000
  ],
  "train_loss": [
    4.973696708679199,
    3.5624873638153076,
    2.7647206783294678,
    2.415233850479126,
    2.2389612197875977,
    2.1170904636383057,
    2.0149502754211426,
    1.9666945934295654,
    1.9678339958190918,
    1.9248639345169067,
    1.8726667165756226,
    1.9062405824661255,
    1.9373029470443726,
    1.9315311908721924,
    1.8590357303619385,
    1.9193004369735718,
    1.8768212795257568,
    1.939733624458313,
    1.8300983905792236,
    1.9105535745620728,
    1.907884120941162,
    1.9201709032058716,
    1.898652195930481,
    1.865712285041809,
    1.8770235776901245,
    1.9025380611419678,
    1.9070556163787842,
    1.8389967679977417,
    1.8616071939468384,
    1.8626588582992554,
    1.9266735315322876,
    1.9167143106460571,
    1.8446062803268433,
    1.8958781957626343,
    1.8920313119888306,
    1.892089605331421,
    1.892889380455017,
    1.8635177612304688,
    1.853832721710205,
    1.8664393424987793,
    1.8986142873764038
  ],
  "val_loss": [
    4.959194910526276,
    3.569386374950409,
    2.756665062904358,
    2.431533086299896,
    2.240864872932434,
    2.116012382507324,
    2.0304866671562194,
    1.9761270970106124,
    1.9458009630441666,
    1.9286041975021362,
    1.9177431523799897,
    1.910877326130867,
    1.9061197996139527,
    1.9025874376296996,
    1.900018584728241,
    1.898293325304985,
    1.8969633817672729,
    1.8958468854427337,
    1.8948998391628264,
    1.8940513968467712,
    1.8931631118059158,
    1.8920887589454651,
    1.8902655035257339,
    1.8866516917943954,
    1.8801807850599288,
    1.8786611825227737,
    1.8781948208808898,
    1.8780439257621766,
    1.8779847830533982,
    1.877854698896408,
    1.877830719947815,
    1.8777384370565415,
    1.8777220577001572,
    1.8777134239673614,
    1.8776501029729844,
    1.877634233236313,
    1.8776161700487137,
    1.8774876445531845,
    1.8774834394454956,
    1.8774314641952514,
    1.877350878715515
  ],
  "kl_divergence": [
    1.2203171253204346,
    1.275351643562317,
    1.7881464958190918,
    1.971177339553833,
    2.0430004596710205,
    2.2759547233581543,
    2.6833560466766357,
    3.215033531188965,
    3.4930367469787598,
    3.596451759338379,
    3.716947078704834,
    3.879359722137451,
    4.029147624969482,
    4.2355194091796875,
    4.458956241607666,
    4.680240154266357,
    4.920070648193359,
    5.197694778442383,
    5.489585876464844,
    5.812338829040527,
    6.053040504455566,
    6.3013691902160645,
    6.539302349090576,
    6.902684211730957,
    7.569370746612549,
    7.753472805023193,
    7.609483242034912,
    7.438379764556885,
    7.2988762855529785,
    7.1430864334106445,
    7.004789352416992,
    6.899845123291016,
    6.775635719299316,
    6.692221164703369,
    6.553170204162598,
    6.474569320678711,
    6.32228946685791,
    6.224946022033691,
    6.121061325073242,
    6.048007011413574,
    5.9878458976745605
  ],
  "distance_correlation": [
    -0.07226835936307907,
    -0.07697878032922745,
    0.0018160596955567598,
    0.02259688824415207,
    0.06325217336416245,
    0.11837417632341385,
    0.14814789593219757,
    0.16840140521526337,
    0.1783389300107956,
    0.1695137619972229,
    0.14639128744602203,
    0.12403679639101028,
    0.10861911624670029,
    0.09730874747037888,
    0.09206373244524002,
    0.08753108978271484,
    0.0851755291223526,
    0.08325589448213577,
    0.07820288836956024,
    0.06907547265291214,
    0.058801718056201935,
    0.05524076148867607,
    0.05910733714699745,
    0.06463061273097992,
    0.0943647027015686,
    0.11579293012619019,
    0.12451256066560745,
    0.12611187994480133,
    0.12525294721126556,
    0.12472078949213028,
    0.12646423280239105,
    0.12647156417369843,
    0.12919439375400543,
    0.12761269509792328,
    0.128024160861969,
    0.1293022483587265,
    0.1271994262933731,
    0.12459845095872879,
    0.11968950182199478,
    0.11391054838895798,
    0.11017721891403198
  ],
  "neighborhood_overlap": [
    0.29166666666666663,
    0.2708333333333333,
    0.375,
    0.4375,
    0.47916666666666663,
    0.6666666666666666,
    0.8541666666666666,
    0.8958333333333334,
    0.9375,
    0.9375,
    0.9166666666666666,
    0.875,
    0.8125,
    0.7916666666666666,
    0.7083333333333333,
    0.625,
    0.5625,
    0.5208333333333333,
    0.5,
    0.5,
    0.47916666666666663,
    0.4583333333333333,
    0.41666666666666663,
    0.4375,
    0.4375,
    0.4375,
    0.4375,
    0.4375,
    0.4375,
    0.4375,
    0.4375,
    0.4375,
    0.4375,
    0.4375,
    0.4583333333333333,
    0.41666666666666663,
    0.41666666666666663,
    0.41666666666666663,
    0.41666666666666663,
    0.41666666666666663,
    0.375
  ],
  "R_hat": [
    5.455846905708313,
    6.352340340614319,
    9.08672159910202,
    11.39430582523346,
    13.058421015739441,
    16.73436689376831,
    20.68750286102295,
    24.043517351150513,
    26.777564525604248,
    28.970191955566406,
    30.827836513519287,
    32.226359367370605,
    33.21106481552124,
    34.07603740692139,
    34.81287908554077,
    35.57991123199463,
    36.00601148605347,
    36.04117012023926,
    35.963818073272705,
    35.93364381790161,
    35.50902795791626,
    34.62611198425293,
    33.01866579055786,
    31.197609424591064,
    29.70873498916626,
    28.566521167755127,
    27.282845973968506,
    26.227339029312134,
    25.45661950111389,
    24.77385449409485,
    23.993637084960938,
    23.476021766662598,
    22.690892457962036,
    22.104461908340454,
    21.150822162628174,
    20.27033507823944,
    19.194561004638672,
    18.156750679016113,
    16.916809916496277,
    15.673129677772522,
    14.740579426288605
  ],
  "r_hat": [
    6.482018977403641,
    6.359624564647675,
    8.227558493614197,
    8.505524277687073,
    7.469968378543854,
    6.506230294704437,
    5.398586094379425,
    4.20000422000885,
    3.1781396567821503,
    2.9067498557269573,
    3.8383613228797913,
    4.821134567260742,
    5.816782712936401,
    6.968536138534546,
    8.110888957977295,
    9.209446787834167,
    10.190036535263062,
    11.259259700775146,
    12.463685989379883,
    13.860652685165405,
    15.076233148574829,
    16.83444857597351,
    18.88976001739502,
    22.026224613189697,
    25.45321559906006,
    26.691221237182617,
    26.98299741744995,
    27.162946701049805,
    27.290385246276855,
    27.253209114074707,
    27.30516767501831,
    27.088807106018066,
    27.11221742630005,
    26.981921672821045,
    26.754530429840088,
    26.69258975982666,
    26.373223304748535,
    26.143062114715576,
    25.875995635986328,
    25.64724636077881,
    25.464446544647217
  ]
}