{
  "steps": [
    1,
    500,
    1000,
    1500,
    2000,
    2500,
    3000,
    3500,
    4000,
    4500,
    5000,
    5500,
    6000,
    6500,
    7000,
    7500,
    8000,
    8500,
    9000,
    9500,
    10000
  ],
  "train_loss": [
    5.005385875701904,
    2.8883907794952393,
    2.6813480854034424,
    2.503047227859497,
    2.2655694484710693,
    2.160292625427246,
    2.0431857109069824,
    1.924171805381775,
    1.8856450319290161,
    1.8913688659667969,
    1.884319543838501,
    1.8796097040176392,
    1.895081639289856,
    1.89651358127594,
    1.866974949836731,
    1.8810296058654785,
    1.8748492002487183,
    1.8497899770736694,
    1.807432770729065,
    1.8126894235610962,
    1.8021461963653564
  ],
  "val_loss": [
    4.977042627334595,
    2.889290767908096,
    2.6883742809295654,
    2.5244134187698366,
    2.309243679046631,
    2.173273593187332,
    2.0470680594444275,
    1.9516185522079468,
    1.9088729858398437,
    1.8951317429542542,
    1.8886364281177521,
    1.8846924662590028,
    1.8815623432397843,
    1.8788207232952119,
    1.8755909115076066,
    1.8706685513257981,
    1.862529346346855,
    1.849107363820076,
    1.8317242056131362,
    1.8117501765489579,
    1.7914244085550308
  ],
  "kl_divergence": [
    1.220358967781067,
    1.244713544845581,
    1.2449951171875,
    1.3011536598205566,
    1.3766307830810547,
    1.4114010334014893,
    1.404172658920288,
    1.3643903732299805,
    1.3488845825195312,
    1.3450745344161987,
    1.3520901203155518,
    1.3608125448226929,
    1.374188780784607,
    1.3935582637786865,
    1.4222168922424316,
    1.4800825119018555,
    1.5249429941177368,
    1.5828795433044434,
    1.6155383586883545,
    1.6140247583389282,
    1.5503625869750977
  ],
  "distance_correlation": [
    -0.07223913073539734,
    -0.05310967192053795,
    0.0054316045716404915,
    0.07509265094995499,
    0.11064247041940689,
    0.14205345511436462,
    0.18159444630146027,
    0.23129068315029144,
    0.2838132381439209,
    0.3137544095516205,
    0.33544841408729553,
    0.35600313544273376,
    0.36680713295936584,
    0.37639349699020386,
    0.38463032245635986,
    0.3930604159832001,
    0.40913188457489014,
    0.42133545875549316,
    0.4284611642360687,
    0.43815934658050537,
    0.4485915005207062
  ],
  "neighborhood_overlap": [
    0.29166666666666663,
    0.25,
    0.375,
    0.29166666666666663,
    0.25,
    0.25,
    0.3333333333333333,
    0.35416666666666663,
    0.4375,
    0.4583333333333333,
    0.4583333333333333,
    0.47916666666666663,
    0.47916666666666663,
    0.47916666666666663,
    0.4583333333333333,
    0.4583333333333333,
    0.35416666666666663,
    0.375,
    0.4583333333333333,
    0.5208333333333333,
    0.5208333333333333
  ],
  "R_hat": [
    5.452261328697205,
    5.400010824203491,
    5.546579957008362,
    5.870518326759338,
    5.430911093950272,
    5.478324845433235,
    5.545509397983551,
    5.732880055904388,
    6.131465911865234,
    6.474719732999802,
    6.83851620554924,
    7.121918052434921,
    7.277886599302292,
    7.436764597892761,
    7.559679269790649,
    7.634433329105377,
    7.788086116313934,
    8.095016360282898,
    8.387520909309387,
    8.62012505531311,
    8.696082830429077
  ],
  "r_hat": [
    6.48129203915596,
    5.498181402683258,
    5.1765314638614655,
    6.098085463047028,
    6.71481728553772,
    7.076123297214508,
    6.803194165229797,
    5.486693799495697,
    3.8452716767787933,
    2.936444416642189,
    2.7641502022743225,
    2.685144782066345,
    2.6477829217910767,
    2.6303859055042267,
    2.629786968231201,
    2.6902161836624146,
    2.760982394218445,
    2.80596661567688,
    2.780932307243347,
    2.669558972120285,
    2.55318546295166
  ]
}