{
  "steps": [
    1,
    500,
    1000,
    1500,
    2000,
    2500,
    3000,
    3500,
    4000,
    4500,
    5000,
    5500,
    6000,
    6500,
    7000,
    7500,
    8000,
    8500,
    9000,
    9500,
    10000,
    10500,
    11000,
    11500,
    12000,
    12500,
    13000,
    13500,
    14000,
    14500,
    15000,
    15500,
    16000,
    16500,
    17000,
    17500,
    18000,
    18500,
    19000,
    19500,
    20000
  ],
  "train_loss": [
    5.005385875701904,
    2.8883907794952393,
    2.6813480854034424,
    2.503047227859497,
    2.2655694484710693,
    2.160292625427246,
    2.0431854724884033,
    1.924169898033142,
    1.885644793510437,
    1.8913687467575073,
    1.884319543838501,
    1.87960946559906,
    1.895081639289856,
    1.8965134620666504,
    1.8669747114181519,
    1.8810293674468994,
    1.8748486042022705,
    1.8497892618179321,
    1.8074318170547485,
    1.8126879930496216,
    1.8021448850631714,
    1.7315585613250732,
    1.7670795917510986,
    1.742316722869873,
    1.7689181566238403,
    1.755066990852356,
    1.7506879568099976,
    1.7272753715515137,
    1.7198785543441772,
    1.7204632759094238,
    1.77199125289917,
    1.7484337091445923,
    1.7380298376083374,
    1.7644468545913696,
    1.7539482116699219,
    1.761833667755127,
    1.7703897953033447,
    1.7081722021102905,
    1.7555582523345947,
    1.740019679069519,
    1.7825628519058228
  ],
  "val_loss": [
    4.977042627334595,
    2.8892907559871674,
    2.6883742928504946,
    2.5244134664535522,
    2.3092437386512756,
    2.173273581266403,
    2.0470680415630342,
    1.9516182333230971,
    1.9088728874921799,
    1.8951316475868225,
    1.8886363595724105,
    1.8846924036741257,
    1.8815622836351396,
    1.8788206368684768,
    1.8755907773971559,
    1.8706682980060578,
    1.8625288307666779,
    1.8491065233945847,
    1.8317230105400086,
    1.8117487013339997,
    1.7914231359958648,
    1.775411257147789,
    1.7616411924362183,
    1.7535095542669297,
    1.7492656230926513,
    1.7466159909963608,
    1.7449540555477143,
    1.7440739452838898,
    1.7432395577430726,
    1.7428379982709885,
    1.742311206459999,
    1.7420952022075653,
    1.741735789179802,
    1.7414735406637192,
    1.7412458896636962,
    1.7411080300807953,
    1.7410049080848693,
    1.7408665060997008,
    1.7409170657396316,
    1.7408224105834962,
    1.7405115365982056
  ],
  "kl_divergence": [
    1.220358967781067,
    1.2447134256362915,
    1.2449951171875,
    1.3011536598205566,
    1.3766307830810547,
    1.4114010334014893,
    1.404172658920288,
    1.3643901348114014,
    1.348883867263794,
    1.3450738191604614,
    1.3520894050598145,
    1.3608118295669556,
    1.3741881847381592,
    1.3935575485229492,
    1.4222166538238525,
    1.4800821542739868,
    1.5249419212341309,
    1.5828770399093628,
    1.6155352592468262,
    1.6140190362930298,
    1.5503604412078857,
    1.6030433177947998,
    1.6317720413208008,
    1.645430088043213,
    1.6649949550628662,
    1.692123532295227,
    1.6885199546813965,
    1.6816608905792236,
    1.6567519903182983,
    1.6366157531738281,
    1.6137741804122925,
    1.5882192850112915,
    1.5617330074310303,
    1.530505895614624,
    1.482074499130249,
    1.4258275032043457,
    1.3639107942581177,
    1.3044135570526123,
    1.2443410158157349,
    1.1878557205200195,
    1.1340632438659668
  ],
  "distance_correlation": [
    -0.07223913073539734,
    -0.05310963839292526,
    0.0054315803572535515,
    0.07509267330169678,
    0.11064250767230988,
    0.14205360412597656,
    0.1815946400165558,
    0.2312907576560974,
    0.2838110327720642,
    0.31375178694725037,
    0.33544597029685974,
    0.35600075125694275,
    0.36680498719215393,
    0.37639158964157104,
    0.3846287429332733,
    0.393059104681015,
    0.4091307818889618,
    0.4213346540927887,
    0.4284608066082001,
    0.4381594955921173,
    0.44859179854393005,
    0.4459840953350067,
    0.45168185234069824,
    0.45989668369293213,
    0.46908873319625854,
    0.477029025554657,
    0.48403200507164,
    0.4895116686820984,
    0.49429547786712646,
    0.4958032965660095,
    0.49725577235221863,
    0.4978819489479065,
    0.4973161518573761,
    0.49763062596321106,
    0.4984356164932251,
    0.5008227229118347,
    0.5015988945960999,
    0.5040067434310913,
    0.5033569931983948,
    0.5076717138290405,
    0.5084549188613892
  ],
  "neighborhood_overlap": [
    0.29166666666666663,
    0.25,
    0.375,
    0.29166666666666663,
    0.25,
    0.25,
    0.3333333333333333,
    0.35416666666666663,
    0.4375,
    0.4583333333333333,
    0.4583333333333333,
    0.47916666666666663,
    0.47916666666666663,
    0.47916666666666663,
    0.4583333333333333,
    0.4583333333333333,
    0.35416666666666663,
    0.375,
    0.4583333333333333,
    0.5208333333333333,
    0.5208333333333333,
    0.5416666666666666,
    0.5208333333333333,
    0.5,
    0.47916666666666663,
    0.4583333333333333,
    0.47916666666666663,
    0.5,
    0.5,
    0.5,
    0.4583333333333333,
    0.4583333333333333,
    0.4583333333333333,
    0.47916666666666663,
    0.47916666666666663,
    0.47916666666666663,
    0.5,
    0.5,
    0.5,
    0.5,
    0.5
  ],
  "R_hat": [
    5.452261328697205,
    5.400010824203491,
    5.546579718589783,
    5.870517611503601,
    5.4309123530983925,
    5.478326886892319,
    5.545511916279793,
    5.732880309224129,
    6.131454825401306,
    6.474712312221527,
    6.838510870933533,
    7.121917963027954,
    7.277890205383301,
    7.436772495508194,
    7.5596959590911865,
    7.63444621860981,
    7.7880993485450745,
    8.095027387142181,
    8.387541055679321,
    8.620144844055176,
    8.696113228797913,
    9.087778687477112,
    9.581601858139038,
    9.910449266433716,
    10.08142876625061,
    10.186036229133606,
    10.158509731292725,
    10.130725026130676,
    10.042021751403809,
    9.929036736488342,
    9.844648838043213,
    9.731326818466187,
    9.61256217956543,
    9.532245755195618,
    9.402666330337524,
    9.325089812278748,
    9.179466009140015,
    9.069109082221985,
    8.85386049747467,
    8.795613527297974,
    8.676212430000305
  ],
  "r_hat": [
    6.48129203915596,
    5.4981814324855804,
    5.176531106233597,
    6.098085165023804,
    6.714819073677063,
    7.0761266350746155,
    6.803197205066681,
    5.48669558763504,
    3.8452662229537964,
    2.9364494383335114,
    2.764156222343445,
    2.68515145778656,
    2.6477882862091064,
    2.630389451980591,
    2.629789561033249,
    2.6902178823947906,
    2.760981321334839,
    2.8059583008289337,
    2.7809183597564697,
    2.6695423424243927,
    2.553172767162323,
    2.5794297456741333,
    2.4824612736701965,
    2.3501879274845123,
    2.2124953866004944,
    2.0966361463069916,
    1.9967748746275902,
    1.9106713458895683,
    1.926801759749651,
    1.9695767164230347,
    2.0464618653059006,
    2.1591826006770134,
    2.273594558238983,
    2.355875089764595,
    2.4358277022838593,
    2.430875778198242,
    2.4323825240135193,
    2.431517317891121,
    2.404172420501709,
    2.3511161506175995,
    2.2639394998550415
  ]
}