{
  "steps": [
    1,
    200,
    400,
    600,
    800,
    1000,
    1200,
    1400,
    1600,
    1800,
    2000
  ],
  "train_loss": [
    4.973696708679199,
    4.311186790466309,
    3.77947998046875,
    3.3447794914245605,
    3.005465030670166,
    2.737901210784912,
    2.610471487045288,
    2.494983434677124,
    2.362593173980713,
    2.2956502437591553,
    2.270083427429199
  ],
  "val_loss": [
    4.959194910526276,
    4.298722290992737,
    3.793609416484833,
    3.345728313922882,
    2.988240498304367,
    2.7570551156997682,
    2.575391858816147,
    2.4752915620803835,
    2.3895495414733885,
    2.3099662125110627,
    2.2409309685230254
  ],
  "kl_divergence": [
    1.2203171253204346,
    1.2163857221603394,
    1.2355678081512451,
    1.3896708488464355,
    1.6580544710159302,
    1.790184497833252,
    1.8642973899841309,
    1.9550033807754517,
    1.9774521589279175,
    1.9716930389404297,
    2.033709764480591
  ],
  "distance_correlation": [
    -0.07226835936307907,
    -0.08298644423484802,
    -0.08505718410015106,
    -0.05730333551764488,
    -0.025116469711065292,
    0.0013224680442363024,
    0.0024326196871697903,
    0.013219750486314297,
    0.0280104149132967,
    0.04404067620635033,
    0.060977015644311905
  ],
  "neighborhood_overlap": [
    0.29166666666666663,
    0.25,
    0.29166666666666663,
    0.29166666666666663,
    0.3333333333333333,
    0.375,
    0.4375,
    0.4375,
    0.47916666666666663,
    0.47916666666666663,
    0.47916666666666663
  ],
  "R_hat": [
    5.455846905708313,
    5.541571259498596,
    5.949803829193115,
    7.068265795707703,
    8.247916758060455,
    9.055747509002686,
    10.118845880031586,
    11.014463543891907,
    11.658668279647827,
    12.207339406013489,
    12.982248783111572
  ],
  "r_hat": [
    6.482018977403641,
    6.38597297668457,
    6.235286831855774,
    6.934274196624756,
    7.823706656694412,
    8.201158583164215,
    8.5525444149971,
    8.591931462287903,
    8.297007381916046,
    7.8544076681137085,
    7.425218433141708
  ]
}